monthseq,month,flodfreqcl,floddurcl,pondfreqcl,ponddurcl,ponddep.l,ponddep.r,ponddep.h,dlyavgprecip.l,dlyavgprecip.r,dlyavgprecip.h,dlyavgpotet.l,dlyavgpotet.r,dlyavgpotet.h,cokey,comonthkey
6,June,None,,,,NA,NA,NA,NA,NA,NA,NA,NA,NA,17961218,188410058
2,February,None,,Frequent,Long (7 to 30 days),0,15,30,NA,NA,NA,NA,NA,NA,17961218,188410059
5,May,None,,Frequent,Long (7 to 30 days),0,15,30,NA,NA,NA,NA,NA,NA,17961218,188410060
10,October,None,,,,NA,NA,NA,NA,NA,NA,NA,NA,NA,17961218,188410061
7,July,None,,,,NA,NA,NA,NA,NA,NA,NA,NA,NA,17961218,188410062
12,December,None,,Frequent,Long (7 to 30 days),0,15,30,NA,NA,NA,NA,NA,NA,17961218,188410063
8,August,None,,,,NA,NA,NA,NA,NA,NA,NA,NA,NA,17961218,188410064
3,March,None,,Frequent,Long (7 to 30 days),0,15,30,NA,NA,NA,NA,NA,NA,17961218,188410065
1,January,None,,Frequent,Long (7 to 30 days),0,15,30,NA,NA,NA,NA,NA,NA,17961218,188410066
4,April,None,,Frequent,Long (7 to 30 days),0,15,30,NA,NA,NA,NA,NA,NA,17961218,188410067
11,November,None,,Frequent,Long (7 to 30 days),0,15,30,NA,NA,NA,NA,NA,NA,17961218,188410068
9,September,None,,,,NA,NA,NA,NA,NA,NA,NA,NA,NA,17961218,188410069
7,July,None,,None,,NA,NA,NA,NA,NA,NA,NA,NA,NA,17961219,188410070
8,August,None,,None,,NA,NA,NA,NA,NA,NA,NA,NA,NA,17961219,188410071
9,September,None,,None,,NA,NA,NA,NA,NA,NA,NA,NA,NA,17961219,188410072
1,January,None,,None,,NA,NA,NA,NA,NA,NA,NA,NA,NA,17961219,188410073
5,May,None,,None,,NA,NA,NA,NA,NA,NA,NA,NA,NA,17961219,188410074
12,December,None,,None,,NA,NA,NA,NA,NA,NA,NA,NA,NA,17961219,188410075
11,November,None,,None,,NA,NA,NA,NA,NA,NA,NA,NA,NA,17961219,188410076
6,June,None,,None,,NA,NA,NA,NA,NA,NA,NA,NA,NA,17961219,188410077
4,April,None,,None,,NA,NA,NA,NA,NA,NA,NA,NA,NA,17961219,188410078
3,March,None,,None,,NA,NA,NA,NA,NA,NA,NA,NA,NA,17961219,188410079
2,February,None,,None,,NA,NA,NA,NA,NA,NA,NA,NA,NA,17961219,188410080
10,October,None,,None,,NA,NA,NA,NA,NA,NA,NA,NA,NA,17961219,188410081
9,September,None,,None,,NA,NA,NA,NA,NA,NA,NA,NA,NA,17961220,188410082
7,July,None,,None,,NA,NA,NA,NA,NA,NA,NA,NA,NA,17961220,188410083
6,June,None,,None,,NA,NA,NA,NA,NA,NA,NA,NA,NA,17961220,188410084
4,April,None,,None,,NA,NA,NA,NA,NA,NA,NA,NA,NA,17961220,188410085
2,February,None,,None,,NA,NA,NA,NA,NA,NA,NA,NA,NA,17961220,188410086
11,November,None,,None,,NA,NA,NA,NA,NA,NA,NA,NA,NA,17961220,188410087
1,January,None,,None,,NA,NA,NA,NA,NA,NA,NA,NA,NA,17961220,188410088
8,August,None,,None,,NA,NA,NA,NA,NA,NA,NA,NA,NA,17961220,188410089
10,October,None,,None,,NA,NA,NA,NA,NA,NA,NA,NA,NA,17961220,188410090
3,March,None,,None,,NA,NA,NA,NA,NA,NA,NA,NA,NA,17961220,188410091
12,December,None,,None,,NA,NA,NA,NA,NA,NA,NA,NA,NA,17961220,188410092
5,May,None,,None,,NA,NA,NA,NA,NA,NA,NA,NA,NA,17961220,188410093
7,July,None,,,,NA,NA,NA,NA,NA,NA,NA,NA,NA,17961224,188410130
9,September,None,,,,NA,NA,NA,NA,NA,NA,NA,NA,NA,17961224,188410131
4,April,None,,Occasional,Long (7 to 30 days),0,7,15,NA,NA,NA,NA,NA,NA,17961224,188410132
2,February,None,,Occasional,Long (7 to 30 days),0,7,15,NA,NA,NA,NA,NA,NA,17961224,188410133
6,June,None,,,,NA,NA,NA,NA,NA,NA,NA,NA,NA,17961224,188410134
11,November,None,,Occasional,Long (7 to 30 days),0,7,15,NA,NA,NA,NA,NA,NA,17961224,188410135
10,October,None,,,,NA,NA,NA,NA,NA,NA,NA,NA,NA,17961224,188410136
8,August,None,,,,NA,NA,NA,NA,NA,NA,NA,NA,NA,17961224,188410137
1,January,None,,Occasional,Long (7 to 30 days),0,7,15,NA,NA,NA,NA,NA,NA,17961224,188410138
3,March,None,,Occasional,Long (7 to 30 days),0,7,15,NA,NA,NA,NA,NA,NA,17961224,188410139
5,May,None,,Occasional,Long (7 to 30 days),0,7,15,NA,NA,NA,NA,NA,NA,17961224,188410140
12,December,None,,Occasional,Long (7 to 30 days),0,7,15,NA,NA,NA,NA,NA,NA,17961224,188410141
4,April,None,,Frequent,Long (7 to 30 days),0,15,30,NA,NA,NA,NA,NA,NA,17960876,188408246
8,August,None,,,,NA,NA,NA,NA,NA,NA,NA,NA,NA,17960876,188408247
12,December,None,,Frequent,Long (7 to 30 days),0,15,30,NA,NA,NA,NA,NA,NA,17960876,188408248
2,February,None,,Frequent,Long (7 to 30 days),0,15,30,NA,NA,NA,NA,NA,NA,17960876,188408249
1,January,None,,Frequent,Long (7 to 30 days),0,15,30,NA,NA,NA,NA,NA,NA,17960876,188408250
7,July,None,,Frequent,Long (7 to 30 days),0,15,30,NA,NA,NA,NA,NA,NA,17960876,188408251
6,June,None,,Frequent,Long (7 to 30 days),0,15,30,NA,NA,NA,NA,NA,NA,17960876,188408252
3,March,None,,Frequent,Long (7 to 30 days),0,15,30,NA,NA,NA,NA,NA,NA,17960876,188408253
5,May,None,,Frequent,Long (7 to 30 days),0,15,30,NA,NA,NA,NA,NA,NA,17960876,188408254
11,November,None,,Frequent,Long (7 to 30 days),0,15,30,NA,NA,NA,NA,NA,NA,17960876,188408255
10,October,None,,,,NA,NA,NA,NA,NA,NA,NA,NA,NA,17960876,188408256
9,September,None,,,,NA,NA,NA,NA,NA,NA,NA,NA,NA,17960876,188408257
4,April,None,,None,,NA,NA,NA,NA,NA,NA,NA,NA,NA,17960877,188408258
8,August,None,,None,,NA,NA,NA,NA,NA,NA,NA,NA,NA,17960877,188408259
12,December,None,,None,,NA,NA,NA,NA,NA,NA,NA,NA,NA,17960877,188408260
2,February,None,,None,,NA,NA,NA,NA,NA,NA,NA,NA,NA,17960877,188408261
1,January,None,,None,,NA,NA,NA,NA,NA,NA,NA,NA,NA,17960877,188408262
7,July,None,,None,,NA,NA,NA,NA,NA,NA,NA,NA,NA,17960877,188408263
6,June,None,,None,,NA,NA,NA,NA,NA,NA,NA,NA,NA,17960877,188408264
3,March,None,,None,,NA,NA,NA,NA,NA,NA,NA,NA,NA,17960877,188408265
5,May,None,,None,,NA,NA,NA,NA,NA,NA,NA,NA,NA,17960877,188408266
11,November,None,,None,,NA,NA,NA,NA,NA,NA,NA,NA,NA,17960877,188408267
10,October,None,,None,,NA,NA,NA,NA,NA,NA,NA,NA,NA,17960877,188408268
9,September,None,,None,,NA,NA,NA,NA,NA,NA,NA,NA,NA,17960877,188408269
4,April,None,,None,,NA,NA,NA,NA,NA,NA,NA,NA,NA,17960976,188408558
8,August,None,,None,,NA,NA,NA,NA,NA,NA,NA,NA,NA,17960976,188408559
12,December,None,,None,,NA,NA,NA,NA,NA,NA,NA,NA,NA,17960976,188408560
2,February,None,,None,,NA,NA,NA,NA,NA,NA,NA,NA,NA,17960976,188408561
1,January,None,,None,,NA,NA,NA,NA,NA,NA,NA,NA,NA,17960976,188408562
7,July,None,,None,,NA,NA,NA,NA,NA,NA,NA,NA,NA,17960976,188408563
6,June,None,,None,,NA,NA,NA,NA,NA,NA,NA,NA,NA,17960976,188408564
3,March,None,,None,,NA,NA,NA,NA,NA,NA,NA,NA,NA,17960976,188408565
5,May,None,,None,,NA,NA,NA,NA,NA,NA,NA,NA,NA,17960976,188408566
11,November,None,,None,,NA,NA,NA,NA,NA,NA,NA,NA,NA,17960976,188408567
10,October,None,,None,,NA,NA,NA,NA,NA,NA,NA,NA,NA,17960976,188408568
9,September,None,,None,,NA,NA,NA,NA,NA,NA,NA,NA,NA,17960976,188408569
4,April,None,,None,,NA,NA,NA,NA,NA,NA,NA,NA,NA,17960977,188408570
8,August,None,,None,,NA,NA,NA,NA,NA,NA,NA,NA,NA,17960977,188408571
12,December,None,,None,,NA,NA,NA,NA,NA,NA,NA,NA,NA,17960977,188408572
2,February,None,,None,,NA,NA,NA,NA,NA,NA,NA,NA,NA,17960977,188408573
1,January,None,,None,,NA,NA,NA,NA,NA,NA,NA,NA,NA,17960977,188408574
7,July,None,,None,,NA,NA,NA,NA,NA,NA,NA,NA,NA,17960977,188408575
6,June,None,,None,,NA,NA,NA,NA,NA,NA,NA,NA,NA,17960977,188408576
3,March,None,,None,,NA,NA,NA,NA,NA,NA,NA,NA,NA,17960977,188408577
5,May,None,,None,,NA,NA,NA,NA,NA,NA,NA,NA,NA,17960977,188408578
11,November,None,,None,,NA,NA,NA,NA,NA,NA,NA,NA,NA,17960977,188408579
10,October,None,,None,,NA,NA,NA,NA,NA,NA,NA,NA,NA,17960977,188408580
9,September,None,,None,,NA,NA,NA,NA,NA,NA,NA,NA,NA,17960977,188408581
4,April,Occasional,Brief (2 to 7 days),None,,NA,NA,NA,NA,NA,NA,NA,NA,NA,17961019,188408678
8,August,,,None,,NA,NA,NA,NA,NA,NA,NA,NA,NA,17961019,188408679
12,December,,,None,,NA,NA,NA,NA,NA,NA,NA,NA,NA,17961019,188408680
2,February,Occasional,Brief (2 to 7 days),None,,NA,NA,NA,NA,NA,NA,NA,NA,NA,17961019,188408681
1,January,Occasional,Brief (2 to 7 days),None,,NA,NA,NA,NA,NA,NA,NA,NA,NA,17961019,188408682
7,July,,,None,,NA,NA,NA,NA,NA,NA,NA,NA,NA,17961019,188408683
6,June,,,None,,NA,NA,NA,NA,NA,NA,NA,NA,NA,17961019,188408684
3,March,Occasional,Brief (2 to 7 days),None,,NA,NA,NA,NA,NA,NA,NA,NA,NA,17961019,188408685
5,May,,,None,,NA,NA,NA,NA,NA,NA,NA,NA,NA,17961019,188408686
11,November,,,None,,NA,NA,NA,NA,NA,NA,NA,NA,NA,17961019,188408687
10,October,,,None,,NA,NA,NA,NA,NA,NA,NA,NA,NA,17961019,188408688
9,September,,,None,,NA,NA,NA,NA,NA,NA,NA,NA,NA,17961019,188408689
1,January,None,,Occasional,Long (7 to 30 days),0,7,15,NA,NA,NA,NA,NA,NA,17961049,188408774
2,February,None,,Occasional,Long (7 to 30 days),0,7,15,NA,NA,NA,NA,NA,NA,17961049,188408775
3,March,None,,Occasional,Long (7 to 30 days),0,7,15,NA,NA,NA,NA,NA,NA,17961049,188408776
4,April,None,,Occasional,Long (7 to 30 days),0,7,15,NA,NA,NA,NA,NA,NA,17961049,188408777
5,May,None,,Occasional,Long (7 to 30 days),0,7,15,NA,NA,NA,NA,NA,NA,17961049,188408778
6,June,None,,,,NA,NA,NA,NA,NA,NA,NA,NA,NA,17961049,188408779
7,July,None,,,,NA,NA,NA,NA,NA,NA,NA,NA,NA,17961049,188408780
8,August,None,,,,NA,NA,NA,NA,NA,NA,NA,NA,NA,17961049,188408781
9,September,None,,,,NA,NA,NA,NA,NA,NA,NA,NA,NA,17961049,188408782
10,October,None,,,,NA,NA,NA,NA,NA,NA,NA,NA,NA,17961049,188408783
11,November,None,,Occasional,Long (7 to 30 days),0,7,15,NA,NA,NA,NA,NA,NA,17961049,188408784
12,December,None,,Occasional,Long (7 to 30 days),0,7,15,NA,NA,NA,NA,NA,NA,17961049,188408785
12,December,None,,None,,NA,NA,NA,NA,NA,NA,NA,NA,NA,17961050,188408786
11,November,None,,None,,NA,NA,NA,NA,NA,NA,NA,NA,NA,17961050,188408787
10,October,None,,None,,NA,NA,NA,NA,NA,NA,NA,NA,NA,17961050,188408788
9,September,None,,None,,NA,NA,NA,NA,NA,NA,NA,NA,NA,17961050,188408789
8,August,None,,None,,NA,NA,NA,NA,NA,NA,NA,NA,NA,17961050,188408790
7,July,None,,None,,NA,NA,NA,NA,NA,NA,NA,NA,NA,17961050,188408791
6,June,None,,None,,NA,NA,NA,NA,NA,NA,NA,NA,NA,17961050,188408792
5,May,None,,None,,NA,NA,NA,NA,NA,NA,NA,NA,NA,17961050,188408793
4,April,None,,None,,NA,NA,NA,NA,NA,NA,NA,NA,NA,17961050,188408794
3,March,None,,None,,NA,NA,NA,NA,NA,NA,NA,NA,NA,17961050,188408795
2,February,None,,None,,NA,NA,NA,NA,NA,NA,NA,NA,NA,17961050,188408796
1,January,None,,None,,NA,NA,NA,NA,NA,NA,NA,NA,NA,17961050,188408797
9,September,None,,,,NA,NA,NA,NA,NA,NA,NA,NA,NA,17961051,188408798
6,June,None,,,,NA,NA,NA,NA,NA,NA,NA,NA,NA,17961051,188408799
10,October,None,,,,NA,NA,NA,NA,NA,NA,NA,NA,NA,17961051,188408800
7,July,None,,,,NA,NA,NA,NA,NA,NA,NA,NA,NA,17961051,188408801
8,August,None,,,,NA,NA,NA,NA,NA,NA,NA,NA,NA,17961051,188408802
12,December,None,,Frequent,Long (7 to 30 days),0,15,30,NA,NA,NA,NA,NA,NA,17961051,188408803
11,November,None,,Frequent,Long (7 to 30 days),0,15,30,NA,NA,NA,NA,NA,NA,17961051,188408804
5,May,None,,Frequent,Long (7 to 30 days),0,15,30,NA,NA,NA,NA,NA,NA,17961051,188408805
4,April,None,,Frequent,Long (7 to 30 days),0,15,30,NA,NA,NA,NA,NA,NA,17961051,188408806
3,March,None,,Frequent,Long (7 to 30 days),0,15,30,NA,NA,NA,NA,NA,NA,17961051,188408807
2,February,None,,Frequent,Long (7 to 30 days),0,15,30,NA,NA,NA,NA,NA,NA,17961051,188408808
1,January,None,,Frequent,Long (7 to 30 days),0,15,30,NA,NA,NA,NA,NA,NA,17961051,188408809
6,June,Frequent,Brief (2 to 7 days),None,,NA,NA,NA,NA,NA,NA,NA,NA,NA,17961097,188409062
8,August,,,None,,NA,NA,NA,NA,NA,NA,NA,NA,NA,17961097,188409063
7,July,,,None,,NA,NA,NA,NA,NA,NA,NA,NA,NA,17961097,188409064
11,November,,,None,,NA,NA,NA,NA,NA,NA,NA,NA,NA,17961097,188409065
10,October,,,None,,NA,NA,NA,NA,NA,NA,NA,NA,NA,17961097,188409066
9,September,,,None,,NA,NA,NA,NA,NA,NA,NA,NA,NA,17961097,188409067
1,January,Frequent,Brief (2 to 7 days),None,,NA,NA,NA,NA,NA,NA,NA,NA,NA,17961097,188409068
2,February,Frequent,Brief (2 to 7 days),None,,NA,NA,NA,NA,NA,NA,NA,NA,NA,17961097,188409069
3,March,Frequent,Brief (2 to 7 days),None,,NA,NA,NA,NA,NA,NA,NA,NA,NA,17961097,188409070
4,April,Frequent,Brief (2 to 7 days),None,,NA,NA,NA,NA,NA,NA,NA,NA,NA,17961097,188409071
5,May,Frequent,Brief (2 to 7 days),None,,NA,NA,NA,NA,NA,NA,NA,NA,NA,17961097,188409072
12,December,Frequent,Brief (2 to 7 days),None,,NA,NA,NA,NA,NA,NA,NA,NA,NA,17961097,188409073
8,August,,,,,NA,NA,NA,NA,NA,NA,NA,NA,NA,17961098,188409074
1,January,Frequent,Brief (2 to 7 days),Occasional,Brief (2 to 7 days),0,7,15,NA,NA,NA,NA,NA,NA,17961098,188409075
7,July,,,,,NA,NA,NA,NA,NA,NA,NA,NA,NA,17961098,188409076
6,June,Frequent,Brief (2 to 7 days),Occasional,Brief (2 to 7 days),0,7,15,NA,NA,NA,NA,NA,NA,17961098,188409077
11,November,Frequent,Brief (2 to 7 days),Occasional,Brief (2 to 7 days),0,7,15,NA,NA,NA,NA,NA,NA,17961098,188409078
10,October,,,,,NA,NA,NA,NA,NA,NA,NA,NA,NA,17961098,188409079
3,March,Frequent,Brief (2 to 7 days),Occasional,Brief (2 to 7 days),0,7,15,NA,NA,NA,NA,NA,NA,17961098,188409080
9,September,,,,,NA,NA,NA,NA,NA,NA,NA,NA,NA,17961098,188409081
4,April,Frequent,Brief (2 to 7 days),Occasional,Brief (2 to 7 days),0,7,15,NA,NA,NA,NA,NA,NA,17961098,188409082
2,February,Frequent,Brief (2 to 7 days),Occasional,Brief (2 to 7 days),0,7,15,NA,NA,NA,NA,NA,NA,17961098,188409083
12,December,Frequent,Brief (2 to 7 days),Occasional,Brief (2 to 7 days),0,7,15,NA,NA,NA,NA,NA,NA,17961098,188409084
5,May,Frequent,Brief (2 to 7 days),Occasional,Brief (2 to 7 days),0,7,15,NA,NA,NA,NA,NA,NA,17961098,188409085
6,June,,,None,,NA,NA,NA,NA,NA,NA,NA,NA,NA,17961099,188409086
7,July,,,None,,NA,NA,NA,NA,NA,NA,NA,NA,NA,17961099,188409087
8,August,,,None,,NA,NA,NA,NA,NA,NA,NA,NA,NA,17961099,188409088
9,September,,,None,,NA,NA,NA,NA,NA,NA,NA,NA,NA,17961099,188409089
10,October,,,None,,NA,NA,NA,NA,NA,NA,NA,NA,NA,17961099,188409090
11,November,,,None,,NA,NA,NA,NA,NA,NA,NA,NA,NA,17961099,188409091
5,May,Frequent,Brief (2 to 7 days),None,,NA,NA,NA,NA,NA,NA,NA,NA,NA,17961099,188409092
4,April,Frequent,Brief (2 to 7 days),None,,NA,NA,NA,NA,NA,NA,NA,NA,NA,17961099,188409093
12,December,Frequent,Brief (2 to 7 days),None,,NA,NA,NA,NA,NA,NA,NA,NA,NA,17961099,188409094
2,February,Frequent,Brief (2 to 7 days),None,,NA,NA,NA,NA,NA,NA,NA,NA,NA,17961099,188409095
1,January,Frequent,Brief (2 to 7 days),None,,NA,NA,NA,NA,NA,NA,NA,NA,NA,17961099,188409096
3,March,Frequent,Brief (2 to 7 days),None,,NA,NA,NA,NA,NA,NA,NA,NA,NA,17961099,188409097
7,July,None,,None,,NA,NA,NA,NA,NA,NA,NA,NA,NA,17961214,188410010
8,August,None,,None,,NA,NA,NA,NA,NA,NA,NA,NA,NA,17961214,188410011
9,September,None,,None,,NA,NA,NA,NA,NA,NA,NA,NA,NA,17961214,188410012
1,January,None,,None,,NA,NA,NA,NA,NA,NA,NA,NA,NA,17961214,188410013
5,May,None,,None,,NA,NA,NA,NA,NA,NA,NA,NA,NA,17961214,188410014
12,December,None,,None,,NA,NA,NA,NA,NA,NA,NA,NA,NA,17961214,188410015
11,November,None,,None,,NA,NA,NA,NA,NA,NA,NA,NA,NA,17961214,188410016
6,June,None,,None,,NA,NA,NA,NA,NA,NA,NA,NA,NA,17961214,188410017
4,April,None,,None,,NA,NA,NA,NA,NA,NA,NA,NA,NA,17961214,188410018
3,March,None,,None,,NA,NA,NA,NA,NA,NA,NA,NA,NA,17961214,188410019
2,February,None,,None,,NA,NA,NA,NA,NA,NA,NA,NA,NA,17961214,188410020
10,October,None,,None,,NA,NA,NA,NA,NA,NA,NA,NA,NA,17961214,188410021
1,January,None,,None,,NA,NA,NA,NA,NA,NA,NA,NA,NA,17961215,188410022
8,August,None,,None,,NA,NA,NA,NA,NA,NA,NA,NA,NA,17961215,188410023
10,October,None,,None,,NA,NA,NA,NA,NA,NA,NA,NA,NA,17961215,188410024
3,March,None,,None,,NA,NA,NA,NA,NA,NA,NA,NA,NA,17961215,188410025
12,December,None,,None,,NA,NA,NA,NA,NA,NA,NA,NA,NA,17961215,188410026
5,May,None,,None,,NA,NA,NA,NA,NA,NA,NA,NA,NA,17961215,188410027
9,September,None,,None,,NA,NA,NA,NA,NA,NA,NA,NA,NA,17961215,188410028
7,July,None,,None,,NA,NA,NA,NA,NA,NA,NA,NA,NA,17961215,188410029
6,June,None,,None,,NA,NA,NA,NA,NA,NA,NA,NA,NA,17961215,188410030
4,April,None,,None,,NA,NA,NA,NA,NA,NA,NA,NA,NA,17961215,188410031
2,February,None,,None,,NA,NA,NA,NA,NA,NA,NA,NA,NA,17961215,188410032
11,November,None,,None,,NA,NA,NA,NA,NA,NA,NA,NA,NA,17961215,188410033
2,February,None,,Occasional,Long (7 to 30 days),0,7,15,NA,NA,NA,NA,NA,NA,17961216,188410034
3,March,None,,Occasional,Long (7 to 30 days),0,7,15,NA,NA,NA,NA,NA,NA,17961216,188410035
4,April,None,,Occasional,Long (7 to 30 days),0,7,15,NA,NA,NA,NA,NA,NA,17961216,188410036
5,May,None,,Occasional,Long (7 to 30 days),0,7,15,NA,NA,NA,NA,NA,NA,17961216,188410037
6,June,None,,,,NA,NA,NA,NA,NA,NA,NA,NA,NA,17961216,188410038
7,July,None,,,,NA,NA,NA,NA,NA,NA,NA,NA,NA,17961216,188410039
8,August,None,,,,NA,NA,NA,NA,NA,NA,NA,NA,NA,17961216,188410040
9,September,None,,,,NA,NA,NA,NA,NA,NA,NA,NA,NA,17961216,188410041
10,October,None,,,,NA,NA,NA,NA,NA,NA,NA,NA,NA,17961216,188410042
11,November,None,,Occasional,Long (7 to 30 days),0,7,15,NA,NA,NA,NA,NA,NA,17961216,188410043
12,December,None,,Occasional,Long (7 to 30 days),0,7,15,NA,NA,NA,NA,NA,NA,17961216,188410044
1,January,None,,Occasional,Long (7 to 30 days),0,7,15,NA,NA,NA,NA,NA,NA,17961216,188410045
9,September,None,,,,NA,NA,NA,NA,NA,NA,NA,NA,NA,17961217,188410046
6,June,None,,,,NA,NA,NA,NA,NA,NA,NA,NA,NA,17961217,188410047
2,February,None,,Frequent,Long (7 to 30 days),0,15,30,NA,NA,NA,NA,NA,NA,17961217,188410048
5,May,None,,Frequent,Long (7 to 30 days),0,15,30,NA,NA,NA,NA,NA,NA,17961217,188410049
10,October,None,,,,NA,NA,NA,NA,NA,NA,NA,NA,NA,17961217,188410050
7,July,None,,,,NA,NA,NA,NA,NA,NA,NA,NA,NA,17961217,188410051
12,December,None,,Frequent,Long (7 to 30 days),0,15,30,NA,NA,NA,NA,NA,NA,17961217,188410052
8,August,None,,,,NA,NA,NA,NA,NA,NA,NA,NA,NA,17961217,188410053
3,March,None,,Frequent,Long (7 to 30 days),0,15,30,NA,NA,NA,NA,NA,NA,17961217,188410054
1,January,None,,Frequent,Long (7 to 30 days),0,15,30,NA,NA,NA,NA,NA,NA,17961217,188410055
4,April,None,,Frequent,Long (7 to 30 days),0,15,30,NA,NA,NA,NA,NA,NA,17961217,188410056
11,November,None,,Frequent,Long (7 to 30 days),0,15,30,NA,NA,NA,NA,NA,NA,17961217,188410057
4,April,None,,Occasional,Long (7 to 30 days),0,7,15,NA,NA,NA,NA,NA,NA,17961227,188410166
2,February,None,,Occasional,Long (7 to 30 days),0,7,15,NA,NA,NA,NA,NA,NA,17961227,188410167
6,June,None,,,,NA,NA,NA,NA,NA,NA,NA,NA,NA,17961227,188410168
11,November,None,,Occasional,Long (7 to 30 days),0,7,15,NA,NA,NA,NA,NA,NA,17961227,188410169
10,October,None,,,,NA,NA,NA,NA,NA,NA,NA,NA,NA,17961227,188410170
8,August,None,,,,NA,NA,NA,NA,NA,NA,NA,NA,NA,17961227,188410171
1,January,None,,Occasional,Long (7 to 30 days),0,7,15,NA,NA,NA,NA,NA,NA,17961227,188410172
3,March,None,,Occasional,Long (7 to 30 days),0,7,15,NA,NA,NA,NA,NA,NA,17961227,188410173
5,May,None,,Occasional,Long (7 to 30 days),0,7,15,NA,NA,NA,NA,NA,NA,17961227,188410174
12,December,None,,Occasional,Long (7 to 30 days),0,7,15,NA,NA,NA,NA,NA,NA,17961227,188410175
7,July,None,,,,NA,NA,NA,NA,NA,NA,NA,NA,NA,17961227,188410176
9,September,None,,,,NA,NA,NA,NA,NA,NA,NA,NA,NA,17961227,188410177
12,December,None,,Frequent,Long (7 to 30 days),0,15,30,NA,NA,NA,NA,NA,NA,17961228,188410178
8,August,None,,,,NA,NA,NA,NA,NA,NA,NA,NA,NA,17961228,188410179
3,March,None,,Frequent,Long (7 to 30 days),0,15,30,NA,NA,NA,NA,NA,NA,17961228,188410180
1,January,None,,Frequent,Long (7 to 30 days),0,15,30,NA,NA,NA,NA,NA,NA,17961228,188410181
4,April,None,,Frequent,Long (7 to 30 days),0,15,30,NA,NA,NA,NA,NA,NA,17961228,188410182
11,November,None,,Frequent,Long (7 to 30 days),0,15,30,NA,NA,NA,NA,NA,NA,17961228,188410183
9,September,None,,,,NA,NA,NA,NA,NA,NA,NA,NA,NA,17961228,188410184
6,June,None,,,,NA,NA,NA,NA,NA,NA,NA,NA,NA,17961228,188410185
2,February,None,,Frequent,Long (7 to 30 days),0,15,30,NA,NA,NA,NA,NA,NA,17961228,188410186
5,May,None,,Frequent,Long (7 to 30 days),0,15,30,NA,NA,NA,NA,NA,NA,17961228,188410187
10,October,None,,,,NA,NA,NA,NA,NA,NA,NA,NA,NA,17961228,188410188
7,July,None,,,,NA,NA,NA,NA,NA,NA,NA,NA,NA,17961228,188410189
9,September,None,,None,,NA,NA,NA,NA,NA,NA,NA,NA,NA,17961229,188410190
7,July,None,,None,,NA,NA,NA,NA,NA,NA,NA,NA,NA,17961229,188410191
6,June,None,,None,,NA,NA,NA,NA,NA,NA,NA,NA,NA,17961229,188410192
4,April,None,,None,,NA,NA,NA,NA,NA,NA,NA,NA,NA,17961229,188410193
2,February,None,,None,,NA,NA,NA,NA,NA,NA,NA,NA,NA,17961229,188410194
11,November,None,,None,,NA,NA,NA,NA,NA,NA,NA,NA,NA,17961229,188410195
1,January,None,,None,,NA,NA,NA,NA,NA,NA,NA,NA,NA,17961229,188410196
8,August,None,,None,,NA,NA,NA,NA,NA,NA,NA,NA,NA,17961229,188410197
10,October,None,,None,,NA,NA,NA,NA,NA,NA,NA,NA,NA,17961229,188410198
3,March,None,,None,,NA,NA,NA,NA,NA,NA,NA,NA,NA,17961229,188410199
12,December,None,,None,,NA,NA,NA,NA,NA,NA,NA,NA,NA,17961229,188410200
5,May,None,,None,,NA,NA,NA,NA,NA,NA,NA,NA,NA,17961229,188410201
10,October,None,,None,,NA,NA,NA,NA,NA,NA,NA,NA,NA,17961230,188410202
7,July,None,,None,,NA,NA,NA,NA,NA,NA,NA,NA,NA,17961230,188410203
8,August,None,,None,,NA,NA,NA,NA,NA,NA,NA,NA,NA,17961230,188410204
9,September,None,,None,,NA,NA,NA,NA,NA,NA,NA,NA,NA,17961230,188410205
1,January,None,,None,,NA,NA,NA,NA,NA,NA,NA,NA,NA,17961230,188410206
5,May,None,,None,,NA,NA,NA,NA,NA,NA,NA,NA,NA,17961230,188410207
12,December,None,,None,,NA,NA,NA,NA,NA,NA,NA,NA,NA,17961230,188410208
11,November,None,,None,,NA,NA,NA,NA,NA,NA,NA,NA,NA,17961230,188410209
6,June,None,,None,,NA,NA,NA,NA,NA,NA,NA,NA,NA,17961230,188410210
4,April,None,,None,,NA,NA,NA,NA,NA,NA,NA,NA,NA,17961230,188410211
3,March,None,,None,,NA,NA,NA,NA,NA,NA,NA,NA,NA,17961230,188410212
2,February,None,,None,,NA,NA,NA,NA,NA,NA,NA,NA,NA,17961230,188410213
11,November,None,,None,,NA,NA,NA,NA,NA,NA,NA,NA,NA,17961209,188409950
6,June,None,,None,,NA,NA,NA,NA,NA,NA,NA,NA,NA,17961209,188409951
4,April,None,,None,,NA,NA,NA,NA,NA,NA,NA,NA,NA,17961209,188409952
3,March,None,,None,,NA,NA,NA,NA,NA,NA,NA,NA,NA,17961209,188409953
2,February,None,,None,,NA,NA,NA,NA,NA,NA,NA,NA,NA,17961209,188409954
10,October,None,,None,,NA,NA,NA,NA,NA,NA,NA,NA,NA,17961209,188409955
7,July,None,,None,,NA,NA,NA,NA,NA,NA,NA,NA,NA,17961209,188409956
8,August,None,,None,,NA,NA,NA,NA,NA,NA,NA,NA,NA,17961209,188409957
9,September,None,,None,,NA,NA,NA,NA,NA,NA,NA,NA,NA,17961209,188409958
1,January,None,,None,,NA,NA,NA,NA,NA,NA,NA,NA,NA,17961209,188409959
5,May,None,,None,,NA,NA,NA,NA,NA,NA,NA,NA,NA,17961209,188409960
12,December,None,,None,,NA,NA,NA,NA,NA,NA,NA,NA,NA,17961209,188409961
7,July,None,,,,NA,NA,NA,NA,NA,NA,NA,NA,NA,17961210,188409962
9,September,None,,,,NA,NA,NA,NA,NA,NA,NA,NA,NA,17961210,188409963
4,April,None,,Occasional,Long (7 to 30 days),0,7,15,NA,NA,NA,NA,NA,NA,17961210,188409964
2,February,None,,Occasional,Long (7 to 30 days),0,7,15,NA,NA,NA,NA,NA,NA,17961210,188409965
6,June,None,,,,NA,NA,NA,NA,NA,NA,NA,NA,NA,17961210,188409966
11,November,None,,Occasional,Long (7 to 30 days),0,7,15,NA,NA,NA,NA,NA,NA,17961210,188409967
10,October,None,,,,NA,NA,NA,NA,NA,NA,NA,NA,NA,17961210,188409968
8,August,None,,,,NA,NA,NA,NA,NA,NA,NA,NA,NA,17961210,188409969
1,January,None,,Occasional,Long (7 to 30 days),0,7,15,NA,NA,NA,NA,NA,NA,17961210,188409970
3,March,None,,Occasional,Long (7 to 30 days),0,7,15,NA,NA,NA,NA,NA,NA,17961210,188409971
5,May,None,,Occasional,Long (7 to 30 days),0,7,15,NA,NA,NA,NA,NA,NA,17961210,188409972
12,December,None,,Occasional,Long (7 to 30 days),0,7,15,NA,NA,NA,NA,NA,NA,17961210,188409973
1,January,None,,None,,NA,NA,NA,NA,NA,NA,NA,NA,NA,17961211,188409974
8,August,None,,None,,NA,NA,NA,NA,NA,NA,NA,NA,NA,17961211,188409975
10,October,None,,None,,NA,NA,NA,NA,NA,NA,NA,NA,NA,17961211,188409976
3,March,None,,None,,NA,NA,NA,NA,NA,NA,NA,NA,NA,17961211,188409977
12,December,None,,None,,NA,NA,NA,NA,NA,NA,NA,NA,NA,17961211,188409978
5,May,None,,None,,NA,NA,NA,NA,NA,NA,NA,NA,NA,17961211,188409979
9,September,None,,None,,NA,NA,NA,NA,NA,NA,NA,NA,NA,17961211,188409980
7,July,None,,None,,NA,NA,NA,NA,NA,NA,NA,NA,NA,17961211,188409981
6,June,None,,None,,NA,NA,NA,NA,NA,NA,NA,NA,NA,17961211,188409982
4,April,None,,None,,NA,NA,NA,NA,NA,NA,NA,NA,NA,17961211,188409983
2,February,None,,None,,NA,NA,NA,NA,NA,NA,NA,NA,NA,17961211,188409984
11,November,None,,None,,NA,NA,NA,NA,NA,NA,NA,NA,NA,17961211,188409985
7,July,None,,None,,NA,NA,NA,NA,NA,NA,NA,NA,NA,17961212,188409986
1,January,None,,None,,NA,NA,NA,NA,NA,NA,NA,NA,NA,17961212,188409987
2,February,None,,None,,NA,NA,NA,NA,NA,NA,NA,NA,NA,17961212,188409988
12,December,None,,None,,NA,NA,NA,NA,NA,NA,NA,NA,NA,17961212,188409989
8,August,None,,None,,NA,NA,NA,NA,NA,NA,NA,NA,NA,17961212,188409990
4,April,None,,None,,NA,NA,NA,NA,NA,NA,NA,NA,NA,17961212,188409991
9,September,None,,None,,NA,NA,NA,NA,NA,NA,NA,NA,NA,17961212,188409992
10,October,None,,None,,NA,NA,NA,NA,NA,NA,NA,NA,NA,17961212,188409993
11,November,None,,None,,NA,NA,NA,NA,NA,NA,NA,NA,NA,17961212,188409994
5,May,None,,None,,NA,NA,NA,NA,NA,NA,NA,NA,NA,17961212,188409995
3,March,None,,None,,NA,NA,NA,NA,NA,NA,NA,NA,NA,17961212,188409996
6,June,None,,None,,NA,NA,NA,NA,NA,NA,NA,NA,NA,17961212,188409997
